DateKey,Date,DayOfWeek,DayName,WeekNum,MonthNum,MonthName,Quarter,Year,IsWeekend
20240101,2024-01-01,1,Monday,1,1,January,1,2024,0
20240102,2024-01-02,2,Tuesday,1,1,January,1,2024,0
20240103,2024-01-03,3,Wednesday,1,1,January,1,2024,0
20240104,2024-01-04,4,Thursday,1,1,January,1,2024,0
20240105,2024-01-05,5,Friday,1,1,January,1,2024,0
20240106,2024-01-06,6,Saturday,1,1,January,1,2024,1
20240107,2024-01-07,7,Sunday,1,1,January,1,2024,1
20240108,2024-01-08,1,Monday,2,1,January,1,2024,0
20240109,2024-01-09,2,Tuesday,2,1,January,1,2024,0
20240110,2024-01-10,3,Wednesday,2,1,January,1,2024,0
20240111,2024-01-11,4,Thursday,2,1,January,1,2024,0
20240112,2024-01-12,5,Friday,2,1,January,1,2024,0
20240113,2024-01-13,6,Saturday,2,1,January,1,2024,1
20240114,2024-01-14,7,Sunday,2,1,January,1,2024,1
20240115,2024-01-15,1,Monday,3,1,January,1,2024,0
20240116,2024-01-16,2,Tuesday,3,1,January,1,2024,0
20240117,2024-01-17,3,Wednesday,3,1,January,1,2024,0
20240118,2024-01-18,4,Thursday,3,1,January,1,2024,0
20240119,2024-01-19,5,Friday,3,1,January,1,2024,0
20240120,2024-01-20,6,Saturday,3,1,January,1,2024,1
20240121,2024-01-21,7,Sunday,3,1,January,1,2024,1
20240122,2024-01-22,1,Monday,4,1,January,1,2024,0
20240123,2024-01-23,2,Tuesday,4,1,January,1,2024,0
20240124,2024-01-24,3,Wednesday,4,1,January,1,2024,0
20240125,2024-01-25,4,Thursday,4,1,January,1,2024,0
20240126,2024-01-26,5,Friday,4,1,January,1,2024,0
20240127,2024-01-27,6,Saturday,4,1,January,1,2024,1
20240128,2024-01-28,7,Sunday,4,1,January,1,2024,1
20240129,2024-01-29,1,Monday,5,1,January,1,2024,0
20240130,2024-01-30,2,Tuesday,5,1,January,1,2024,0
20240131,2024-01-31,3,Wednesday,5,1,January,1,2024,0
20240201,2024-02-01,4,Thursday,5,2,February,1,2024,0
20240202,2024-02-02,5,Friday,5,2,February,1,2024,0
20240203,2024-02-03,6,Saturday,5,2,February,1,2024,1
20240204,2024-02-04,7,Sunday,5,2,February,1,2024,1
20240205,2024-02-05,1,Monday,6,2,February,1,2024,0
20240206,2024-02-06,2,Tuesday,6,2,February,1,2024,0
20240207,2024-02-07,3,Wednesday,6,2,February,1,2024,0
20240208,2024-02-08,4,Thursday,6,2,February,1,2024,0
20240209,2024-02-09,5,Friday,6,2,February,1,2024,0
20240210,2024-02-10,6,Saturday,6,2,February,1,2024,1
20240211,2024-02-11,7,Sunday,6,2,February,1,2024,1
20240212,2024-02-12,1,Monday,7,2,February,1,2024,0
20240213,2024-02-13,2,Tuesday,7,2,February,1,2024,0
20240214,2024-02-14,3,Wednesday,7,2,February,1,2024,0
20240215,2024-02-15,4,Thursday,7,2,February,1,2024,0
20240216,2024-02-16,5,Friday,7,2,February,1,2024,0
20240217,2024-02-17,6,Saturday,7,2,February,1,2024,1
20240218,2024-02-18,7,Sunday,7,2,February,1,2024,1
20240219,2024-02-19,1,Monday,8,2,February,1,2024,0
20240220,2024-02-20,2,Tuesday,8,2,February,1,2024,0
20240221,2024-02-21,3,Wednesday,8,2,February,1,2024,0
20240222,2024-02-22,4,Thursday,8,2,February,1,2024,0
20240223,2024-02-23,5,Friday,8,2,February,1,2024,0
20240224,2024-02-24,6,Saturday,8,2,February,1,2024,1
20240225,2024-02-25,7,Sunday,8,2,February,1,2024,1
20240226,2024-02-26,1,Monday,9,2,February,1,2024,0
20240227,2024-02-27,2,Tuesday,9,2,February,1,2024,0
20240228,2024-02-28,3,Wednesday,9,2,February,1,2024,0
20240229,2024-02-29,4,Thursday,9,2,February,1,2024,0
20240301,2024-03-01,5,Friday,9,3,March,1,2024,0
20240302,2024-03-02,6,Saturday,9,3,March,1,2024,1
20240303,2024-03-03,7,Sunday,9,3,March,1,2024,1
20240304,2024-03-04,1,Monday,10,3,March,1,2024,0
20240305,2024-03-05,2,Tuesday,10,3,March,1,2024,0
20240306,2024-03-06,3,Wednesday,10,3,March,1,2024,0
20240307,2024-03-07,4,Thursday,10,3,March,1,2024,0
20240308,2024-03-08,5,Friday,10,3,March,1,2024,0
20240309,2024-03-09,6,Saturday,10,3,March,1,2024,1
20240310,2024-03-10,7,Sunday,10,3,March,1,2024,1
20240311,2024-03-11,1,Monday,11,3,March,1,2024,0
20240312,2024-03-12,2,Tuesday,11,3,March,1,2024,0
20240313,2024-03-13,3,Wednesday,11,3,March,1,2024,0
20240314,2024-03-14,4,Thursday,11,3,March,1,2024,0
20240315,2024-03-15,5,Friday,11,3,March,1,2024,0
20240316,2024-03-16,6,Saturday,11,3,March,1,2024,1
20240317,2024-03-17,7,Sunday,11,3,March,1,2024,1
20240318,2024-03-18,1,Monday,12,3,March,1,2024,0
20240319,2024-03-19,2,Tuesday,12,3,March,1,2024,0
20240320,2024-03-20,3,Wednesday,12,3,March,1,2024,0
20240321,2024-03-21,4,Thursday,12,3,March,1,2024,0
20240322,2024-03-22,5,Friday,12,3,March,1,2024,0
20240323,2024-03-23,6,Saturday,12,3,March,1,2024,1
20240324,2024-03-24,7,Sunday,12,3,March,1,2024,1
20240325,2024-03-25,1,Monday,13,3,March,1,2024,0
20240326,2024-03-26,2,Tuesday,13,3,March,1,2024,0
20240327,2024-03-27,3,Wednesday,13,3,March,1,2024,0
20240328,2024-03-28,4,Thursday,13,3,March,1,2024,0
20240329,2024-03-29,5,Friday,13,3,March,1,2024,0
20240330,2024-03-30,6,Saturday,13,3,March,1,2024,1
20240331,2024-03-31,7,Sunday,13,3,March,1,2024,1
20240401,2024-04-01,1,Monday,14,4,April,2,2024,0
20240402,2024-04-02,2,Tuesday,14,4,April,2,2024,0
20240403,2024-04-03,3,Wednesday,14,4,April,2,2024,0
20240404,2024-04-04,4,Thursday,14,4,April,2,2024,0
20240405,2024-04-05,5,Friday,14,4,April,2,2024,0
20240406,2024-04-06,6,Saturday,14,4,April,2,2024,1
20240407,2024-04-07,7,Sunday,14,4,April,2,2024,1
20240408,2024-04-08,1,Monday,15,4,April,2,2024,0
20240409,2024-04-09,2,Tuesday,15,4,April,2,2024,0
20240410,2024-04-10,3,Wednesday,15,4,April,2,2024,0
20240411,2024-04-11,4,Thursday,15,4,April,2,2024,0
20240412,2024-04-12,5,Friday,15,4,April,2,2024,0
20240413,2024-04-13,6,Saturday,15,4,April,2,2024,1
20240414,2024-04-14,7,Sunday,15,4,April,2,2024,1
20240415,2024-04-15,1,Monday,16,4,April,2,2024,0
20240416,2024-04-16,2,Tuesday,16,4,April,2,2024,0
20240417,2024-04-17,3,Wednesday,16,4,April,2,2024,0
20240418,2024-04-18,4,Thursday,16,4,April,2,2024,0
20240419,2024-04-19,5,Friday,16,4,April,2,2024,0
20240420,2024-04-20,6,Saturday,16,4,April,2,2024,1
20240421,2024-04-21,7,Sunday,16,4,April,2,2024,1
20240422,2024-04-22,1,Monday,17,4,April,2,2024,0
20240423,2024-04-23,2,Tuesday,17,4,April,2,2024,0
20240424,2024-04-24,3,Wednesday,17,4,April,2,2024,0
20240425,2024-04-25,4,Thursday,17,4,April,2,2024,0
20240426,2024-04-26,5,Friday,17,4,April,2,2024,0
20240427,2024-04-27,6,Saturday,17,4,April,2,2024,1
20240428,2024-04-28,7,Sunday,17,4,April,2,2024,1
20240429,2024-04-29,1,Monday,18,4,April,2,2024,0
20240430,2024-04-30,2,Tuesday,18,4,April,2,2024,0
20240501,2024-05-01,3,Wednesday,18,5,May,2,2024,0
20240502,2024-05-02,4,Thursday,18,5,May,2,2024,0
20240503,2024-05-03,5,Friday,18,5,May,2,2024,0
20240504,2024-05-04,6,Saturday,18,5,May,2,2024,1
20240505,2024-05-05,7,Sunday,18,5,May,2,2024,1
20240506,2024-05-06,1,Monday,19,5,May,2,2024,0
20240507,2024-05-07,2,Tuesday,19,5,May,2,2024,0
20240508,2024-05-08,3,Wednesday,19,5,May,2,2024,0
20240509,2024-05-09,4,Thursday,19,5,May,2,2024,0
20240510,2024-05-10,5,Friday,19,5,May,2,2024,0
20240511,2024-05-11,6,Saturday,19,5,May,2,2024,1
20240512,2024-05-12,7,Sunday,19,5,May,2,2024,1
20240513,2024-05-13,1,Monday,20,5,May,2,2024,0
20240514,2024-05-14,2,Tuesday,20,5,May,2,2024,0
20240515,2024-05-15,3,Wednesday,20,5,May,2,2024,0
20240516,2024-05-16,4,Thursday,20,5,May,2,2024,0
20240517,2024-05-17,5,Friday,20,5,May,2,2024,0
20240518,2024-05-18,6,Saturday,20,5,May,2,2024,1
20240519,2024-05-19,7,Sunday,20,5,May,2,2024,1
20240520,2024-05-20,1,Monday,21,5,May,2,2024,0
20240521,2024-05-21,2,Tuesday,21,5,May,2,2024,0
20240522,2024-05-22,3,Wednesday,21,5,May,2,2024,0
20240523,2024-05-23,4,Thursday,21,5,May,2,2024,0
20240524,2024-05-24,5,Friday,21,5,May,2,2024,0
20240525,2024-05-25,6,Saturday,21,5,May,2,2024,1
20240526,2024-05-26,7,Sunday,21,5,May,2,2024,1
20240527,2024-05-27,1,Monday,22,5,May,2,2024,0
20240528,2024-05-28,2,Tuesday,22,5,May,2,2024,0
20240529,2024-05-29,3,Wednesday,22,5,May,2,2024,0
20240530,2024-05-30,4,Thursday,22,5,May,2,2024,0
20240531,2024-05-31,5,Friday,22,5,May,2,2024,0
20240601,2024-06-01,6,Saturday,22,6,June,2,2024,1
20240602,2024-06-02,7,Sunday,22,6,June,2,2024,1
20240603,2024-06-03,1,Monday,23,6,June,2,2024,0
20240604,2024-06-04,2,Tuesday,23,6,June,2,2024,0
20240605,2024-06-05,3,Wednesday,23,6,June,2,2024,0
20240606,2024-06-06,4,Thursday,23,6,June,2,2024,0
20240607,2024-06-07,5,Friday,23,6,June,2,2024,0
20240608,2024-06-08,6,Saturday,23,6,June,2,2024,1
20240609,2024-06-09,7,Sunday,23,6,June,2,2024,1
20240610,2024-06-10,1,Monday,24,6,June,2,2024,0
20240611,2024-06-11,2,Tuesday,24,6,June,2,2024,0
20240612,2024-06-12,3,Wednesday,24,6,June,2,2024,0
20240613,2024-06-13,4,Thursday,24,6,June,2,2024,0
20240614,2024-06-14,5,Friday,24,6,June,2,2024,0
20240615,2024-06-15,6,Saturday,24,6,June,2,2024,1
20240616,2024-06-16,7,Sunday,24,6,June,2,2024,1
20240617,2024-06-17,1,Monday,25,6,June,2,2024,0
20240618,2024-06-18,2,Tuesday,25,6,June,2,2024,0
20240619,2024-06-19,3,Wednesday,25,6,June,2,2024,0
20240620,2024-06-20,4,Thursday,25,6,June,2,2024,0
20240621,2024-06-21,5,Friday,25,6,June,2,2024,0
20240622,2024-06-22,6,Saturday,25,6,June,2,2024,1
20240623,2024-06-23,7,Sunday,25,6,June,2,2024,1
20240624,2024-06-24,1,Monday,26,6,June,2,2024,0
20240625,2024-06-25,2,Tuesday,26,6,June,2,2024,0
20240626,2024-06-26,3,Wednesday,26,6,June,2,2024,0
20240627,2024-06-27,4,Thursday,26,6,June,2,2024,0
20240628,2024-06-28,5,Friday,26,6,June,2,2024,0
20240629,2024-06-29,6,Saturday,26,6,June,2,2024,1
20240630,2024-06-30,7,Sunday,26,6,June,2,2024,1
20240701,2024-07-01,1,Monday,27,7,July,3,2024,0
20240702,2024-07-02,2,Tuesday,27,7,July,3,2024,0
20240703,2024-07-03,3,Wednesday,27,7,July,3,2024,0
20240704,2024-07-04,4,Thursday,27,7,July,3,2024,0
20240705,2024-07-05,5,Friday,27,7,July,3,2024,0
20240706,2024-07-06,6,Saturday,27,7,July,3,2024,1
20240707,2024-07-07,7,Sunday,27,7,July,3,2024,1
20240708,2024-07-08,1,Monday,28,7,July,3,2024,0
20240709,2024-07-09,2,Tuesday,28,7,July,3,2024,0
20240710,2024-07-10,3,Wednesday,28,7,July,3,2024,0
20240711,2024-07-11,4,Thursday,28,7,July,3,2024,0
20240712,2024-07-12,5,Friday,28,7,July,3,2024,0
20240713,2024-07-13,6,Saturday,28,7,July,3,2024,1
20240714,2024-07-14,7,Sunday,28,7,July,3,2024,1
20240715,2024-07-15,1,Monday,29,7,July,3,2024,0
20240716,2024-07-16,2,Tuesday,29,7,July,3,2024,0
20240717,2024-07-17,3,Wednesday,29,7,July,3,2024,0
20240718,2024-07-18,4,Thursday,29,7,July,3,2024,0
20240719,2024-07-19,5,Friday,29,7,July,3,2024,0
20240720,2024-07-20,6,Saturday,29,7,July,3,2024,1
20240721,2024-07-21,7,Sunday,29,7,July,3,2024,1
20240722,2024-07-22,1,Monday,30,7,July,3,2024,0
20240723,2024-07-23,2,Tuesday,30,7,July,3,2024,0
20240724,2024-07-24,3,Wednesday,30,7,July,3,2024,0
20240725,2024-07-25,4,Thursday,30,7,July,3,2024,0
20240726,2024-07-26,5,Friday,30,7,July,3,2024,0
20240727,2024-07-27,6,Saturday,30,7,July,3,2024,1
20240728,2024-07-28,7,Sunday,30,7,July,3,2024,1
20240729,2024-07-29,1,Monday,31,7,July,3,2024,0
20240730,2024-07-30,2,Tuesday,31,7,July,3,2024,0
20240731,2024-07-31,3,Wednesday,31,7,July,3,2024,0
20240801,2024-08-01,4,Thursday,31,8,August,3,2024,0
20240802,2024-08-02,5,Friday,31,8,August,3,2024,0
20240803,2024-08-03,6,Saturday,31,8,August,3,2024,1
20240804,2024-08-04,7,Sunday,31,8,August,3,2024,1
20240805,2024-08-05,1,Monday,32,8,August,3,2024,0
20240806,2024-08-06,2,Tuesday,32,8,August,3,2024,0
20240807,2024-08-07,3,Wednesday,32,8,August,3,2024,0
20240808,2024-08-08,4,Thursday,32,8,August,3,2024,0
20240809,2024-08-09,5,Friday,32,8,August,3,2024,0
20240810,2024-08-10,6,Saturday,32,8,August,3,2024,1
20240811,2024-08-11,7,Sunday,32,8,August,3,2024,1
20240812,2024-08-12,1,Monday,33,8,August,3,2024,0
20240813,2024-08-13,2,Tuesday,33,8,August,3,2024,0
20240814,2024-08-14,3,Wednesday,33,8,August,3,2024,0
20240815,2024-08-15,4,Thursday,33,8,August,3,2024,0
20240816,2024-08-16,5,Friday,33,8,August,3,2024,0
20240817,2024-08-17,6,Saturday,33,8,August,3,2024,1
20240818,2024-08-18,7,Sunday,33,8,August,3,2024,1
20240819,2024-08-19,1,Monday,34,8,August,3,2024,0
20240820,2024-08-20,2,Tuesday,34,8,August,3,2024,0
20240821,2024-08-21,3,Wednesday,34,8,August,3,2024,0
20240822,2024-08-22,4,Thursday,34,8,August,3,2024,0
20240823,2024-08-23,5,Friday,34,8,August,3,2024,0
20240824,2024-08-24,6,Saturday,34,8,August,3,2024,1
20240825,2024-08-25,7,Sunday,34,8,August,3,2024,1
20240826,2024-08-26,1,Monday,35,8,August,3,2024,0
20240827,2024-08-27,2,Tuesday,35,8,August,3,2024,0
20240828,2024-08-28,3,Wednesday,35,8,August,3,2024,0
20240829,2024-08-29,4,Thursday,35,8,August,3,2024,0
20240830,2024-08-30,5,Friday,35,8,August,3,2024,0
20240831,2024-08-31,6,Saturday,35,8,August,3,2024,1
20240901,2024-09-01,7,Sunday,35,9,September,3,2024,1
20240902,2024-09-02,1,Monday,36,9,September,3,2024,0
20240903,2024-09-03,2,Tuesday,36,9,September,3,2024,0
20240904,2024-09-04,3,Wednesday,36,9,September,3,2024,0
20240905,2024-09-05,4,Thursday,36,9,September,3,2024,0
20240906,2024-09-06,5,Friday,36,9,September,3,2024,0
20240907,2024-09-07,6,Saturday,36,9,September,3,2024,1
20240908,2024-09-08,7,Sunday,36,9,September,3,2024,1
20240909,2024-09-09,1,Monday,37,9,September,3,2024,0
20240910,2024-09-10,2,Tuesday,37,9,September,3,2024,0
20240911,2024-09-11,3,Wednesday,37,9,September,3,2024,0
20240912,2024-09-12,4,Thursday,37,9,September,3,2024,0
20240913,2024-09-13,5,Friday,37,9,September,3,2024,0
20240914,2024-09-14,6,Saturday,37,9,September,3,2024,1
20240915,2024-09-15,7,Sunday,37,9,September,3,2024,1
20240916,2024-09-16,1,Monday,38,9,September,3,2024,0
20240917,2024-09-17,2,Tuesday,38,9,September,3,2024,0
20240918,2024-09-18,3,Wednesday,38,9,September,3,2024,0
20240919,2024-09-19,4,Thursday,38,9,September,3,2024,0
20240920,2024-09-20,5,Friday,38,9,September,3,2024,0
20240921,2024-09-21,6,Saturday,38,9,September,3,2024,1
20240922,2024-09-22,7,Sunday,38,9,September,3,2024,1
20240923,2024-09-23,1,Monday,39,9,September,3,2024,0
20240924,2024-09-24,2,Tuesday,39,9,September,3,2024,0
20240925,2024-09-25,3,Wednesday,39,9,September,3,2024,0
20240926,2024-09-26,4,Thursday,39,9,September,3,2024,0
20240927,2024-09-27,5,Friday,39,9,September,3,2024,0
20240928,2024-09-28,6,Saturday,39,9,September,3,2024,1
20240929,2024-09-29,7,Sunday,39,9,September,3,2024,1
20240930,2024-09-30,1,Monday,40,9,September,3,2024,0
20241001,2024-10-01,2,Tuesday,40,10,October,4,2024,0
20241002,2024-10-02,3,Wednesday,40,10,October,4,2024,0
20241003,2024-10-03,4,Thursday,40,10,October,4,2024,0
20241004,2024-10-04,5,Friday,40,10,October,4,2024,0
20241005,2024-10-05,6,Saturday,40,10,October,4,2024,1
20241006,2024-10-06,7,Sunday,40,10,October,4,2024,1
20241007,2024-10-07,1,Monday,41,10,October,4,2024,0
20241008,2024-10-08,2,Tuesday,41,10,October,4,2024,0
20241009,2024-10-09,3,Wednesday,41,10,October,4,2024,0
20241010,2024-10-10,4,Thursday,41,10,October,4,2024,0
20241011,2024-10-11,5,Friday,41,10,October,4,2024,0
20241012,2024-10-12,6,Saturday,41,10,October,4,2024,1
20241013,2024-10-13,7,Sunday,41,10,October,4,2024,1
20241014,2024-10-14,1,Monday,42,10,October,4,2024,0
20241015,2024-10-15,2,Tuesday,42,10,October,4,2024,0
20241016,2024-10-16,3,Wednesday,42,10,October,4,2024,0
20241017,2024-10-17,4,Thursday,42,10,October,4,2024,0
20241018,2024-10-18,5,Friday,42,10,October,4,2024,0
20241019,2024-10-19,6,Saturday,42,10,October,4,2024,1
20241020,2024-10-20,7,Sunday,42,10,October,4,2024,1
20241021,2024-10-21,1,Monday,43,10,October,4,2024,0
20241022,2024-10-22,2,Tuesday,43,10,October,4,2024,0
20241023,2024-10-23,3,Wednesday,43,10,October,4,2024,0
20241024,2024-10-24,4,Thursday,43,10,October,4,2024,0
20241025,2024-10-25,5,Friday,43,10,October,4,2024,0
20241026,2024-10-26,6,Saturday,43,10,October,4,2024,1
20241027,2024-10-27,7,Sunday,43,10,October,4,2024,1
20241028,2024-10-28,1,Monday,44,10,October,4,2024,0
20241029,2024-10-29,2,Tuesday,44,10,October,4,2024,0
20241030,2024-10-30,3,Wednesday,44,10,October,4,2024,0
20241031,2024-10-31,4,Thursday,44,10,October,4,2024,0
20241101,2024-11-01,5,Friday,44,11,November,4,2024,0
20241102,2024-11-02,6,Saturday,44,11,November,4,2024,1
20241103,2024-11-03,7,Sunday,44,11,November,4,2024,1
20241104,2024-11-04,1,Monday,45,11,November,4,2024,0
20241105,2024-11-05,2,Tuesday,45,11,November,4,2024,0
20241106,2024-11-06,3,Wednesday,45,11,November,4,2024,0
20241107,2024-11-07,4,Thursday,45,11,November,4,2024,0
20241108,2024-11-08,5,Friday,45,11,November,4,2024,0
20241109,2024-11-09,6,Saturday,45,11,November,4,2024,1
20241110,2024-11-10,7,Sunday,45,11,November,4,2024,1
20241111,2024-11-11,1,Monday,46,11,November,4,2024,0
20241112,2024-11-12,2,Tuesday,46,11,November,4,2024,0
20241113,2024-11-13,3,Wednesday,46,11,November,4,2024,0
20241114,2024-11-14,4,Thursday,46,11,November,4,2024,0
20241115,2024-11-15,5,Friday,46,11,November,4,2024,0
20241116,2024-11-16,6,Saturday,46,11,November,4,2024,1
20241117,2024-11-17,7,Sunday,46,11,November,4,2024,1
20241118,2024-11-18,1,Monday,47,11,November,4,2024,0
20241119,2024-11-19,2,Tuesday,47,11,November,4,2024,0
20241120,2024-11-20,3,Wednesday,47,11,November,4,2024,0
20241121,2024-11-21,4,Thursday,47,11,November,4,2024,0
20241122,2024-11-22,5,Friday,47,11,November,4,2024,0
20241123,2024-11-23,6,Saturday,47,11,November,4,2024,1
20241124,2024-11-24,7,Sunday,47,11,November,4,2024,1
20241125,2024-11-25,1,Monday,48,11,November,4,2024,0
20241126,2024-11-26,2,Tuesday,48,11,November,4,2024,0
20241127,2024-11-27,3,Wednesday,48,11,November,4,2024,0
20241128,2024-11-28,4,Thursday,48,11,November,4,2024,0
20241129,2024-11-29,5,Friday,48,11,November,4,2024,0
20241130,2024-11-30,6,Saturday,48,11,November,4,2024,1
20241201,2024-12-01,7,Sunday,48,12,December,4,2024,1
20241202,2024-12-02,1,Monday,49,12,December,4,2024,0
20241203,2024-12-03,2,Tuesday,49,12,December,4,2024,0
20241204,2024-12-04,3,Wednesday,49,12,December,4,2024,0
20241205,2024-12-05,4,Thursday,49,12,December,4,2024,0
20241206,2024-12-06,5,Friday,49,12,December,4,2024,0
20241207,2024-12-07,6,Saturday,49,12,December,4,2024,1
20241208,2024-12-08,7,Sunday,49,12,December,4,2024,1
20241209,2024-12-09,1,Monday,50,12,December,4,2024,0
20241210,2024-12-10,2,Tuesday,50,12,December,4,2024,0
20241211,2024-12-11,3,Wednesday,50,12,December,4,2024,0
20241212,2024-12-12,4,Thursday,50,12,December,4,2024,0
20241213,2024-12-13,5,Friday,50,12,December,4,2024,0
20241214,2024-12-14,6,Saturday,50,12,December,4,2024,1
20241215,2024-12-15,7,Sunday,50,12,December,4,2024,1
20241216,2024-12-16,1,Monday,51,12,December,4,2024,0
20241217,2024-12-17,2,Tuesday,51,12,December,4,2024,0
20241218,2024-12-18,3,Wednesday,51,12,December,4,2024,0
20241219,2024-12-19,4,Thursday,51,12,December,4,2024,0
20241220,2024-12-20,5,Friday,51,12,December,4,2024,0
20241221,2024-12-21,6,Saturday,51,12,December,4,2024,1
20241222,2024-12-22,7,Sunday,51,12,December,4,2024,1
20241223,2024-12-23,1,Monday,52,12,December,4,2024,0
20241224,2024-12-24,2,Tuesday,52,12,December,4,2024,0
20241225,2024-12-25,3,Wednesday,52,12,December,4,2024,0
20241226,2024-12-26,4,Thursday,52,12,December,4,2024,0
20241227,2024-12-27,5,Friday,52,12,December,4,2024,0
20241228,2024-12-28,6,Saturday,52,12,December,4,2024,1
20241229,2024-12-29,7,Sunday,52,12,December,4,2024,1
20241230,2024-12-30,1,Monday,53,12,December,4,2024,0
20241231,2024-12-31,2,Tuesday,53,12,December,4,2024,0
20250101,2025-01-01,3,Wednesday,1,1,January,1,2025,0
20250102,2025-01-02,4,Thursday,1,1,January,1,2025,0
20250103,2025-01-03,5,Friday,1,1,January,1,2025,0
20250104,2025-01-04,6,Saturday,1,1,January,1,2025,1
20250105,2025-01-05,7,Sunday,1,1,January,1,2025,1
20250106,2025-01-06,1,Monday,2,1,January,1,2025,0
20250107,2025-01-07,2,Tuesday,2,1,January,1,2025,0
20250108,2025-01-08,3,Wednesday,2,1,January,1,2025,0
20250109,2025-01-09,4,Thursday,2,1,January,1,2025,0
20250110,2025-01-10,5,Friday,2,1,January,1,2025,0
20250111,2025-01-11,6,Saturday,2,1,January,1,2025,1
20250112,2025-01-12,7,Sunday,2,1,January,1,2025,1
20250113,2025-01-13,1,Monday,3,1,January,1,2025,0
20250114,2025-01-14,2,Tuesday,3,1,January,1,2025,0
20250115,2025-01-15,3,Wednesday,3,1,January,1,2025,0
20250116,2025-01-16,4,Thursday,3,1,January,1,2025,0
20250117,2025-01-17,5,Friday,3,1,January,1,2025,0
20250118,2025-01-18,6,Saturday,3,1,January,1,2025,1
20250119,2025-01-19,7,Sunday,3,1,January,1,2025,1
20250120,2025-01-20,1,Monday,4,1,January,1,2025,0
20250121,2025-01-21,2,Tuesday,4,1,January,1,2025,0
20250122,2025-01-22,3,Wednesday,4,1,January,1,2025,0
20250123,2025-01-23,4,Thursday,4,1,January,1,2025,0
20250124,2025-01-24,5,Friday,4,1,January,1,2025,0
20250125,2025-01-25,6,Saturday,4,1,January,1,2025,1
20250126,2025-01-26,7,Sunday,4,1,January,1,2025,1
20250127,2025-01-27,1,Monday,5,1,January,1,2025,0
20250128,2025-01-28,2,Tuesday,5,1,January,1,2025,0
20250129,2025-01-29,3,Wednesday,5,1,January,1,2025,0
20250130,2025-01-30,4,Thursday,5,1,January,1,2025,0
20250131,2025-01-31,5,Friday,5,1,January,1,2025,0
20250201,2025-02-01,6,Saturday,5,2,February,1,2025,1
20250202,2025-02-02,7,Sunday,5,2,February,1,2025,1
20250203,2025-02-03,1,Monday,6,2,February,1,2025,0
20250204,2025-02-04,2,Tuesday,6,2,February,1,2025,0
20250205,2025-02-05,3,Wednesday,6,2,February,1,2025,0
20250206,2025-02-06,4,Thursday,6,2,February,1,2025,0
20250207,2025-02-07,5,Friday,6,2,February,1,2025,0
20250208,2025-02-08,6,Saturday,6,2,February,1,2025,1
20250209,2025-02-09,7,Sunday,6,2,February,1,2025,1
20250210,2025-02-10,1,Monday,7,2,February,1,2025,0
20250211,2025-02-11,2,Tuesday,7,2,February,1,2025,0
20250212,2025-02-12,3,Wednesday,7,2,February,1,2025,0
20250213,2025-02-13,4,Thursday,7,2,February,1,2025,0
20250214,2025-02-14,5,Friday,7,2,February,1,2025,0
20250215,2025-02-15,6,Saturday,7,2,February,1,2025,1
20250216,2025-02-16,7,Sunday,7,2,February,1,2025,1
20250217,2025-02-17,1,Monday,8,2,February,1,2025,0
20250218,2025-02-18,2,Tuesday,8,2,February,1,2025,0
20250219,2025-02-19,3,Wednesday,8,2,February,1,2025,0
20250220,2025-02-20,4,Thursday,8,2,February,1,2025,0
20250221,2025-02-21,5,Friday,8,2,February,1,2025,0
20250222,2025-02-22,6,Saturday,8,2,February,1,2025,1
20250223,2025-02-23,7,Sunday,8,2,February,1,2025,1
20250224,2025-02-24,1,Monday,9,2,February,1,2025,0
20250225,2025-02-25,2,Tuesday,9,2,February,1,2025,0
20250226,2025-02-26,3,Wednesday,9,2,February,1,2025,0
20250227,2025-02-27,4,Thursday,9,2,February,1,2025,0
20250228,2025-02-28,5,Friday,9,2,February,1,2025,0
20250301,2025-03-01,6,Saturday,9,3,March,1,2025,1
20250302,2025-03-02,7,Sunday,9,3,March,1,2025,1
20250303,2025-03-03,1,Monday,10,3,March,1,2025,0
20250304,2025-03-04,2,Tuesday,10,3,March,1,2025,0
20250305,2025-03-05,3,Wednesday,10,3,March,1,2025,0
20250306,2025-03-06,4,Thursday,10,3,March,1,2025,0
20250307,2025-03-07,5,Friday,10,3,March,1,2025,0
20250308,2025-03-08,6,Saturday,10,3,March,1,2025,1
20250309,2025-03-09,7,Sunday,10,3,March,1,2025,1
20250310,2025-03-10,1,Monday,11,3,March,1,2025,0
20250311,2025-03-11,2,Tuesday,11,3,March,1,2025,0
20250312,2025-03-12,3,Wednesday,11,3,March,1,2025,0
20250313,2025-03-13,4,Thursday,11,3,March,1,2025,0
20250314,2025-03-14,5,Friday,11,3,March,1,2025,0
20250315,2025-03-15,6,Saturday,11,3,March,1,2025,1
20250316,2025-03-16,7,Sunday,11,3,March,1,2025,1
20250317,2025-03-17,1,Monday,12,3,March,1,2025,0
20250318,2025-03-18,2,Tuesday,12,3,March,1,2025,0
20250319,2025-03-19,3,Wednesday,12,3,March,1,2025,0
20250320,2025-03-20,4,Thursday,12,3,March,1,2025,0
20250321,2025-03-21,5,Friday,12,3,March,1,2025,0
20250322,2025-03-22,6,Saturday,12,3,March,1,2025,1
20250323,2025-03-23,7,Sunday,12,3,March,1,2025,1
20250324,2025-03-24,1,Monday,13,3,March,1,2025,0
20250325,2025-03-25,2,Tuesday,13,3,March,1,2025,0
20250326,2025-03-26,3,Wednesday,13,3,March,1,2025,0
20250327,2025-03-27,4,Thursday,13,3,March,1,2025,0
20250328,2025-03-28,5,Friday,13,3,March,1,2025,0
20250329,2025-03-29,6,Saturday,13,3,March,1,2025,1
20250330,2025-03-30,7,Sunday,13,3,March,1,2025,1
20250331,2025-03-31,1,Monday,14,3,March,1,2025,0
20250401,2025-04-01,2,Tuesday,14,4,April,2,2025,0
20250402,2025-04-02,3,Wednesday,14,4,April,2,2025,0
20250403,2025-04-03,4,Thursday,14,4,April,2,2025,0
20250404,2025-04-04,5,Friday,14,4,April,2,2025,0
20250405,2025-04-05,6,Saturday,14,4,April,2,2025,1
20250406,2025-04-06,7,Sunday,14,4,April,2,2025,1
20250407,2025-04-07,1,Monday,15,4,April,2,2025,0
20250408,2025-04-08,2,Tuesday,15,4,April,2,2025,0
20250409,2025-04-09,3,Wednesday,15,4,April,2,2025,0
20250410,2025-04-10,4,Thursday,15,4,April,2,2025,0
20250411,2025-04-11,5,Friday,15,4,April,2,2025,0
20250412,2025-04-12,6,Saturday,15,4,April,2,2025,1
20250413,2025-04-13,7,Sunday,15,4,April,2,2025,1
20250414,2025-04-14,1,Monday,16,4,April,2,2025,0
20250415,2025-04-15,2,Tuesday,16,4,April,2,2025,0
20250416,2025-04-16,3,Wednesday,16,4,April,2,2025,0
20250417,2025-04-17,4,Thursday,16,4,April,2,2025,0
20250418,2025-04-18,5,Friday,16,4,April,2,2025,0
20250419,2025-04-19,6,Saturday,16,4,April,2,2025,1
20250420,2025-04-20,7,Sunday,16,4,April,2,2025,1
20250421,2025-04-21,1,Monday,17,4,April,2,2025,0
20250422,2025-04-22,2,Tuesday,17,4,April,2,2025,0
20250423,2025-04-23,3,Wednesday,17,4,April,2,2025,0
20250424,2025-04-24,4,Thursday,17,4,April,2,2025,0
20250425,2025-04-25,5,Friday,17,4,April,2,2025,0
20250426,2025-04-26,6,Saturday,17,4,April,2,2025,1
20250427,2025-04-27,7,Sunday,17,4,April,2,2025,1
20250428,2025-04-28,1,Monday,18,4,April,2,2025,0
20250429,2025-04-29,2,Tuesday,18,4,April,2,2025,0
20250430,2025-04-30,3,Wednesday,18,4,April,2,2025,0
20250501,2025-05-01,4,Thursday,18,5,May,2,2025,0
20250502,2025-05-02,5,Friday,18,5,May,2,2025,0
20250503,2025-05-03,6,Saturday,18,5,May,2,2025,1
20250504,2025-05-04,7,Sunday,18,5,May,2,2025,1
20250505,2025-05-05,1,Monday,19,5,May,2,2025,0
20250506,2025-05-06,2,Tuesday,19,5,May,2,2025,0
20250507,2025-05-07,3,Wednesday,19,5,May,2,2025,0
20250508,2025-05-08,4,Thursday,19,5,May,2,2025,0
20250509,2025-05-09,5,Friday,19,5,May,2,2025,0
20250510,2025-05-10,6,Saturday,19,5,May,2,2025,1
20250511,2025-05-11,7,Sunday,19,5,May,2,2025,1
20250512,2025-05-12,1,Monday,20,5,May,2,2025,0
20250513,2025-05-13,2,Tuesday,20,5,May,2,2025,0
20250514,2025-05-14,3,Wednesday,20,5,May,2,2025,0
20250515,2025-05-15,4,Thursday,20,5,May,2,2025,0
20250516,2025-05-16,5,Friday,20,5,May,2,2025,0
20250517,2025-05-17,6,Saturday,20,5,May,2,2025,1
20250518,2025-05-18,7,Sunday,20,5,May,2,2025,1
20250519,2025-05-19,1,Monday,21,5,May,2,2025,0
20250520,2025-05-20,2,Tuesday,21,5,May,2,2025,0
20250521,2025-05-21,3,Wednesday,21,5,May,2,2025,0
20250522,2025-05-22,4,Thursday,21,5,May,2,2025,0
20250523,2025-05-23,5,Friday,21,5,May,2,2025,0
20250524,2025-05-24,6,Saturday,21,5,May,2,2025,1
20250525,2025-05-25,7,Sunday,21,5,May,2,2025,1
20250526,2025-05-26,1,Monday,22,5,May,2,2025,0
20250527,2025-05-27,2,Tuesday,22,5,May,2,2025,0
20250528,2025-05-28,3,Wednesday,22,5,May,2,2025,0
20250529,2025-05-29,4,Thursday,22,5,May,2,2025,0
20250530,2025-05-30,5,Friday,22,5,May,2,2025,0
20250531,2025-05-31,6,Saturday,22,5,May,2,2025,1
20250601,2025-06-01,7,Sunday,22,6,June,2,2025,1
20250602,2025-06-02,1,Monday,23,6,June,2,2025,0
20250603,2025-06-03,2,Tuesday,23,6,June,2,2025,0
20250604,2025-06-04,3,Wednesday,23,6,June,2,2025,0
20250605,2025-06-05,4,Thursday,23,6,June,2,2025,0
20250606,2025-06-06,5,Friday,23,6,June,2,2025,0
20250607,2025-06-07,6,Saturday,23,6,June,2,2025,1
20250608,2025-06-08,7,Sunday,23,6,June,2,2025,1
20250609,2025-06-09,1,Monday,24,6,June,2,2025,0
20250610,2025-06-10,2,Tuesday,24,6,June,2,2025,0
20250611,2025-06-11,3,Wednesday,24,6,June,2,2025,0
20250612,2025-06-12,4,Thursday,24,6,June,2,2025,0
20250613,2025-06-13,5,Friday,24,6,June,2,2025,0
20250614,2025-06-14,6,Saturday,24,6,June,2,2025,1
20250615,2025-06-15,7,Sunday,24,6,June,2,2025,1
20250616,2025-06-16,1,Monday,25,6,June,2,2025,0
20250617,2025-06-17,2,Tuesday,25,6,June,2,2025,0
20250618,2025-06-18,3,Wednesday,25,6,June,2,2025,0
20250619,2025-06-19,4,Thursday,25,6,June,2,2025,0
20250620,2025-06-20,5,Friday,25,6,June,2,2025,0
20250621,2025-06-21,6,Saturday,25,6,June,2,2025,1
20250622,2025-06-22,7,Sunday,25,6,June,2,2025,1
20250623,2025-06-23,1,Monday,26,6,June,2,2025,0
20250624,2025-06-24,2,Tuesday,26,6,June,2,2025,0
20250625,2025-06-25,3,Wednesday,26,6,June,2,2025,0
20250626,2025-06-26,4,Thursday,26,6,June,2,2025,0
20250627,2025-06-27,5,Friday,26,6,June,2,2025,0
20250628,2025-06-28,6,Saturday,26,6,June,2,2025,1
20250629,2025-06-29,7,Sunday,26,6,June,2,2025,1
20250630,2025-06-30,1,Monday,27,6,June,2,2025,0
20250701,2025-07-01,2,Tuesday,27,7,July,3,2025,0
20250702,2025-07-02,3,Wednesday,27,7,July,3,2025,0
20250703,2025-07-03,4,Thursday,27,7,July,3,2025,0
20250704,2025-07-04,5,Friday,27,7,July,3,2025,0
20250705,2025-07-05,6,Saturday,27,7,July,3,2025,1
20250706,2025-07-06,7,Sunday,27,7,July,3,2025,1
20250707,2025-07-07,1,Monday,28,7,July,3,2025,0
20250708,2025-07-08,2,Tuesday,28,7,July,3,2025,0
20250709,2025-07-09,3,Wednesday,28,7,July,3,2025,0
20250710,2025-07-10,4,Thursday,28,7,July,3,2025,0
20250711,2025-07-11,5,Friday,28,7,July,3,2025,0
20250712,2025-07-12,6,Saturday,28,7,July,3,2025,1
20250713,2025-07-13,7,Sunday,28,7,July,3,2025,1
20250714,2025-07-14,1,Monday,29,7,July,3,2025,0
20250715,2025-07-15,2,Tuesday,29,7,July,3,2025,0
20250716,2025-07-16,3,Wednesday,29,7,July,3,2025,0
20250717,2025-07-17,4,Thursday,29,7,July,3,2025,0
20250718,2025-07-18,5,Friday,29,7,July,3,2025,0
20250719,2025-07-19,6,Saturday,29,7,July,3,2025,1
20250720,2025-07-20,7,Sunday,29,7,July,3,2025,1
20250721,2025-07-21,1,Monday,30,7,July,3,2025,0
20250722,2025-07-22,2,Tuesday,30,7,July,3,2025,0
20250723,2025-07-23,3,Wednesday,30,7,July,3,2025,0
20250724,2025-07-24,4,Thursday,30,7,July,3,2025,0
20250725,2025-07-25,5,Friday,30,7,July,3,2025,0
20250726,2025-07-26,6,Saturday,30,7,July,3,2025,1
20250727,2025-07-27,7,Sunday,30,7,July,3,2025,1
20250728,2025-07-28,1,Monday,31,7,July,3,2025,0
20250729,2025-07-29,2,Tuesday,31,7,July,3,2025,0
20250730,2025-07-30,3,Wednesday,31,7,July,3,2025,0
20250731,2025-07-31,4,Thursday,31,7,July,3,2025,0
20250801,2025-08-01,5,Friday,31,8,August,3,2025,0
20250802,2025-08-02,6,Saturday,31,8,August,3,2025,1
20250803,2025-08-03,7,Sunday,31,8,August,3,2025,1
20250804,2025-08-04,1,Monday,32,8,August,3,2025,0
20250805,2025-08-05,2,Tuesday,32,8,August,3,2025,0
20250806,2025-08-06,3,Wednesday,32,8,August,3,2025,0
20250807,2025-08-07,4,Thursday,32,8,August,3,2025,0
20250808,2025-08-08,5,Friday,32,8,August,3,2025,0
20250809,2025-08-09,6,Saturday,32,8,August,3,2025,1
20250810,2025-08-10,7,Sunday,32,8,August,3,2025,1
20250811,2025-08-11,1,Monday,33,8,August,3,2025,0
20250812,2025-08-12,2,Tuesday,33,8,August,3,2025,0
20250813,2025-08-13,3,Wednesday,33,8,August,3,2025,0
20250814,2025-08-14,4,Thursday,33,8,August,3,2025,0
20250815,2025-08-15,5,Friday,33,8,August,3,2025,0
20250816,2025-08-16,6,Saturday,33,8,August,3,2025,1
20250817,2025-08-17,7,Sunday,33,8,August,3,2025,1
20250818,2025-08-18,1,Monday,34,8,August,3,2025,0
20250819,2025-08-19,2,Tuesday,34,8,August,3,2025,0
20250820,2025-08-20,3,Wednesday,34,8,August,3,2025,0
20250821,2025-08-21,4,Thursday,34,8,August,3,2025,0
20250822,2025-08-22,5,Friday,34,8,August,3,2025,0
20250823,2025-08-23,6,Saturday,34,8,August,3,2025,1
20250824,2025-08-24,7,Sunday,34,8,August,3,2025,1
20250825,2025-08-25,1,Monday,35,8,August,3,2025,0
20250826,2025-08-26,2,Tuesday,35,8,August,3,2025,0
20250827,2025-08-27,3,Wednesday,35,8,August,3,2025,0
20250828,2025-08-28,4,Thursday,35,8,August,3,2025,0
20250829,2025-08-29,5,Friday,35,8,August,3,2025,0
20250830,2025-08-30,6,Saturday,35,8,August,3,2025,1
20250831,2025-08-31,7,Sunday,35,8,August,3,2025,1
20250901,2025-09-01,1,Monday,36,9,September,3,2025,0
20250902,2025-09-02,2,Tuesday,36,9,September,3,2025,0
20250903,2025-09-03,3,Wednesday,36,9,September,3,2025,0
20250904,2025-09-04,4,Thursday,36,9,September,3,2025,0
20250905,2025-09-05,5,Friday,36,9,September,3,2025,0
20250906,2025-09-06,6,Saturday,36,9,September,3,2025,1
20250907,2025-09-07,7,Sunday,36,9,September,3,2025,1
20250908,2025-09-08,1,Monday,37,9,September,3,2025,0
20250909,2025-09-09,2,Tuesday,37,9,September,3,2025,0
20250910,2025-09-10,3,Wednesday,37,9,September,3,2025,0
20250911,2025-09-11,4,Thursday,37,9,September,3,2025,0
20250912,2025-09-12,5,Friday,37,9,September,3,2025,0
20250913,2025-09-13,6,Saturday,37,9,September,3,2025,1
20250914,2025-09-14,7,Sunday,37,9,September,3,2025,1
20250915,2025-09-15,1,Monday,38,9,September,3,2025,0
20250916,2025-09-16,2,Tuesday,38,9,September,3,2025,0
20250917,2025-09-17,3,Wednesday,38,9,September,3,2025,0
20250918,2025-09-18,4,Thursday,38,9,September,3,2025,0
20250919,2025-09-19,5,Friday,38,9,September,3,2025,0
20250920,2025-09-20,6,Saturday,38,9,September,3,2025,1
20250921,2025-09-21,7,Sunday,38,9,September,3,2025,1
20250922,2025-09-22,1,Monday,39,9,September,3,2025,0
20250923,2025-09-23,2,Tuesday,39,9,September,3,2025,0
20250924,2025-09-24,3,Wednesday,39,9,September,3,2025,0
20250925,2025-09-25,4,Thursday,39,9,September,3,2025,0
20250926,2025-09-26,5,Friday,39,9,September,3,2025,0
20250927,2025-09-27,6,Saturday,39,9,September,3,2025,1
20250928,2025-09-28,7,Sunday,39,9,September,3,2025,1
20250929,2025-09-29,1,Monday,40,9,September,3,2025,0
20250930,2025-09-30,2,Tuesday,40,9,September,3,2025,0
20251001,2025-10-01,3,Wednesday,40,10,October,4,2025,0
20251002,2025-10-02,4,Thursday,40,10,October,4,2025,0
20251003,2025-10-03,5,Friday,40,10,October,4,2025,0
20251004,2025-10-04,6,Saturday,40,10,October,4,2025,1
20251005,2025-10-05,7,Sunday,40,10,October,4,2025,1
20251006,2025-10-06,1,Monday,41,10,October,4,2025,0
20251007,2025-10-07,2,Tuesday,41,10,October,4,2025,0
20251008,2025-10-08,3,Wednesday,41,10,October,4,2025,0
20251009,2025-10-09,4,Thursday,41,10,October,4,2025,0
20251010,2025-10-10,5,Friday,41,10,October,4,2025,0
20251011,2025-10-11,6,Saturday,41,10,October,4,2025,1
20251012,2025-10-12,7,Sunday,41,10,October,4,2025,1
20251013,2025-10-13,1,Monday,42,10,October,4,2025,0
20251014,2025-10-14,2,Tuesday,42,10,October,4,2025,0
20251015,2025-10-15,3,Wednesday,42,10,October,4,2025,0
20251016,2025-10-16,4,Thursday,42,10,October,4,2025,0
20251017,2025-10-17,5,Friday,42,10,October,4,2025,0
20251018,2025-10-18,6,Saturday,42,10,October,4,2025,1
20251019,2025-10-19,7,Sunday,42,10,October,4,2025,1
20251020,2025-10-20,1,Monday,43,10,October,4,2025,0
20251021,2025-10-21,2,Tuesday,43,10,October,4,2025,0
20251022,2025-10-22,3,Wednesday,43,10,October,4,2025,0
20251023,2025-10-23,4,Thursday,43,10,October,4,2025,0
20251024,2025-10-24,5,Friday,43,10,October,4,2025,0
20251025,2025-10-25,6,Saturday,43,10,October,4,2025,1
20251026,2025-10-26,7,Sunday,43,10,October,4,2025,1
20251027,2025-10-27,1,Monday,44,10,October,4,2025,0
20251028,2025-10-28,2,Tuesday,44,10,October,4,2025,0
20251029,2025-10-29,3,Wednesday,44,10,October,4,2025,0
20251030,2025-10-30,4,Thursday,44,10,October,4,2025,0
20251031,2025-10-31,5,Friday,44,10,October,4,2025,0
20251101,2025-11-01,6,Saturday,44,11,November,4,2025,1
20251102,2025-11-02,7,Sunday,44,11,November,4,2025,1
20251103,2025-11-03,1,Monday,45,11,November,4,2025,0
20251104,2025-11-04,2,Tuesday,45,11,November,4,2025,0
20251105,2025-11-05,3,Wednesday,45,11,November,4,2025,0
20251106,2025-11-06,4,Thursday,45,11,November,4,2025,0
20251107,2025-11-07,5,Friday,45,11,November,4,2025,0
20251108,2025-11-08,6,Saturday,45,11,November,4,2025,1
20251109,2025-11-09,7,Sunday,45,11,November,4,2025,1
20251110,2025-11-10,1,Monday,46,11,November,4,2025,0
20251111,2025-11-11,2,Tuesday,46,11,November,4,2025,0
20251112,2025-11-12,3,Wednesday,46,11,November,4,2025,0
20251113,2025-11-13,4,Thursday,46,11,November,4,2025,0
20251114,2025-11-14,5,Friday,46,11,November,4,2025,0
20251115,2025-11-15,6,Saturday,46,11,November,4,2025,1
20251116,2025-11-16,7,Sunday,46,11,November,4,2025,1
20251117,2025-11-17,1,Monday,47,11,November,4,2025,0
20251118,2025-11-18,2,Tuesday,47,11,November,4,2025,0
20251119,2025-11-19,3,Wednesday,47,11,November,4,2025,0
20251120,2025-11-20,4,Thursday,47,11,November,4,2025,0
20251121,2025-11-21,5,Friday,47,11,November,4,2025,0
20251122,2025-11-22,6,Saturday,47,11,November,4,2025,1
20251123,2025-11-23,7,Sunday,47,11,November,4,2025,1
20251124,2025-11-24,1,Monday,48,11,November,4,2025,0
20251125,2025-11-25,2,Tuesday,48,11,November,4,2025,0
20251126,2025-11-26,3,Wednesday,48,11,November,4,2025,0
20251127,2025-11-27,4,Thursday,48,11,November,4,2025,0
20251128,2025-11-28,5,Friday,48,11,November,4,2025,0
20251129,2025-11-29,6,Saturday,48,11,November,4,2025,1
20251130,2025-11-30,7,Sunday,48,11,November,4,2025,1
20251201,2025-12-01,1,Monday,49,12,December,4,2025,0
20251202,2025-12-02,2,Tuesday,49,12,December,4,2025,0
20251203,2025-12-03,3,Wednesday,49,12,December,4,2025,0
20251204,2025-12-04,4,Thursday,49,12,December,4,2025,0
20251205,2025-12-05,5,Friday,49,12,December,4,2025,0
20251206,2025-12-06,6,Saturday,49,12,December,4,2025,1
20251207,2025-12-07,7,Sunday,49,12,December,4,2025,1
20251208,2025-12-08,1,Monday,50,12,December,4,2025,0
20251209,2025-12-09,2,Tuesday,50,12,December,4,2025,0
20251210,2025-12-10,3,Wednesday,50,12,December,4,2025,0
20251211,2025-12-11,4,Thursday,50,12,December,4,2025,0
20251212,2025-12-12,5,Friday,50,12,December,4,2025,0
20251213,2025-12-13,6,Saturday,50,12,December,4,2025,1
20251214,2025-12-14,7,Sunday,50,12,December,4,2025,1
20251215,2025-12-15,1,Monday,51,12,December,4,2025,0
20251216,2025-12-16,2,Tuesday,51,12,December,4,2025,0
20251217,2025-12-17,3,Wednesday,51,12,December,4,2025,0
20251218,2025-12-18,4,Thursday,51,12,December,4,2025,0
20251219,2025-12-19,5,Friday,51,12,December,4,2025,0
20251220,2025-12-20,6,Saturday,51,12,December,4,2025,1
20251221,2025-12-21,7,Sunday,51,12,December,4,2025,1
20251222,2025-12-22,1,Monday,52,12,December,4,2025,0
20251223,2025-12-23,2,Tuesday,52,12,December,4,2025,0
20251224,2025-12-24,3,Wednesday,52,12,December,4,2025,0
20251225,2025-12-25,4,Thursday,52,12,December,4,2025,0
20251226,2025-12-26,5,Friday,52,12,December,4,2025,0
20251227,2025-12-27,6,Saturday,52,12,December,4,2025,1
20251228,2025-12-28,7,Sunday,52,12,December,4,2025,1
20251229,2025-12-29,1,Monday,53,12,December,4,2025,0
20251230,2025-12-30,2,Tuesday,53,12,December,4,2025,0
20251231,2025-12-31,3,Wednesday,53,12,December,4,2025,0
